"","mz1","mz2","dz1","dz2"
"1",183.660420255119,183.453689057145,173.675928870621,168.423684820455
"2",160.716612959899,150.841860826064,187.613849762222,182.347363221574
"3",170.994355514867,171.08152157787,172.813962168456,173.870490947652
"4",165.656046222334,160.980154937426,154.563419834575,170.581982814178
"5",171.115081224236,171.421027710408,171.362414477507,150.694938595783
"6",172.86170943817,171.391273899581,163.417168281227,165.072634857866
"7",176.726868017297,169.475384902345,167.806007123025,173.865241192564
"8",176.230055823798,171.821738720357,149.185287468113,158.484848012872
"9",175.358741714443,171.337105779924,166.733693500969,174.6118235069
"10",160.906097774778,162.209863743016,177.14174947322,166.810257785654
"11",180.965834082032,173.60520336295,170.532563502446,182.874012155051
"12",171.163763663369,174.799265739096,166.490405928261,173.65378933869
"13",172.775539026608,168.342053966722,183.228971502879,172.177653325358
"14",175.000380083465,180.521348095489,167.224675556579,172.065613770968
"15",177.257962936673,179.121764633702,162.900793393259,165.299551966082
"16",175.79625605839,182.668136570804,164.008002125669,168.275124513507
"17",172.557066545164,168.028787287701,167.865673059849,181.76988282413
"18",163.021895395878,161.058726008313,179.172925454844,178.840005887308
"19",173.136296197442,180.328174969686,177.94075494338,161.880327447449
"20",162.014024387432,165.655389786825,179.5135371965,172.616798548521
"21",169.640375875369,164.045262957275,168.89549908552,170.318640775465
"22",163.548192353075,166.810787054053,164.760055144796,159.004647881663
"23",158.549437984191,160.215765554516,183.449711772972,184.568089871626
"24",167.338294685509,170.989565927389,171.97642643512,170.982117784857
"25",160.304481269458,163.168952511827,175.078525899465,176.069307571393
"26",176.44280323474,172.708122832275,187.140648861828,178.372878391477
"27",170.765638974006,171.81862858368,171.778825143138,183.595166212845
"28",177.695195120499,180.247766957381,168.759640717999,159.120474363252
"29",173.270719686585,179.699807442037,169.422680814898,177.487139289363
"30",180.169581604439,183.034209263716,179.166970834919,183.998514981814
"31",169.385593003241,168.941926229901,172.857966870183,170.253886155925
"32",168.845395652512,171.347301327377,155.02500800333,171.179715026026
"33",163.604199838159,159.056357138328,166.862680976555,160.431039004882
"34",166.207694329403,173.112510206775,183.194085046692,175.326983032018
"35",177.026890211171,171.686039385646,170.883849091963,171.946503037998
"36",164.388652241642,160.963476102692,176.430503748035,168.878210498168
"37",154.670080344368,155.367878134403,165.338780165432,177.026246151528
"38",158.304165625312,157.454469639046,167.940511973561,172.126235790268
"39",177.068435912175,180.234360134839,180.994531730883,168.445446884832
"40",159.246778326928,161.416467230378,179.040249652079,175.264608655941
"41",175.624262133524,179.338385698401,160.0215185623,157.788441534711
"42",161.210002650305,158.020052734679,175.118154024321,179.031808058664
"43",176.876939841866,182.219651589707,167.332402328583,173.05227201447
"44",167.959586455151,163.46127258474,168.807114679912,159.51547657151
"45",160.821015872445,154.440197287962,168.152444469729,166.636069043061
"46",190.87829937105,194.393597577613,165.512413943051,167.935481423886
"47",166.790364161183,169.243449855157,168.572383085057,175.375215201497
"48",168.535947059824,176.550192549893,177.202855573598,181.52085305187
"49",176.325276498208,176.977460412404,163.267987919584,167.582789687969
"50",164.720534223375,165.486519295271,179.577616499698,183.71640627657
"51",154.866001286953,151.079017615196,176.545995270492,174.901915862086
"52",182.464278338337,190.085264923388,166.881121656909,170.913879994236
"53",168.611540377395,165.368505827986,165.460082766884,185.057416012841
"54",180.203102845138,185.217760962578,166.065963059035,177.06516890401
"55",174.800045068992,171.316977337263,163.708714861989,172.1940417224
"56",175.512069833451,179.319739740454,155.380553760383,167.774772205408
"57",162.115768587636,161.879881356116,172.917252060849,174.24003294405
"58",173.177939029933,175.548263655663,169.365153085196,172.017089243279
"59",167.464734097389,173.648674862254,166.488835436322,168.634042707327
"60",168.053671384411,169.566919548566,182.301322431983,174.709246154969
"61",173.599745174315,171.407624802782,175.712842167479,175.028326194247
"62",173.492262684228,173.688542020081,178.592692737921,195.883856516506
"63",162.188425234418,173.689239634162,181.440627785986,186.497881603613
"64",179.117675981015,178.415805924871,158.636029721427,173.814329000544
"65",166.70439293409,163.32091698141,184.885157211387,183.305887801086
"66",184.702591582559,173.951140109579,160.296455233034,167.567261370851
"67",177.040208505742,167.990732404748,172.438333565006,169.897784348755
"68",182.055481174219,172.740790822034,168.101189063751,168.787722262899
"69",166.776160872684,173.159508278513,171.443472092063,161.978982168597
"70",174.65199022993,176.041936247991,181.506048435592,188.232133817428
"71",179.414526938394,174.274490122825,178.576685617486,174.888125079523
"72",179.283331010058,178.870499007373,167.582297109776,166.610230947445
"73",161.967015471204,160.821309178727,184.447647605128,176.660506869664
"74",189.8909778017,186.722551400305,176.509448592686,171.492320981401
"75",177.426579623101,180.982369593906,169.543204466342,176.815852132414
"76",154.899722460067,163.352394809063,159.560767436839,177.404386311468
"77",176.173080731407,178.084846314691,171.896309064244,173.936711589278
"78",178.306548954297,173.972966092138,177.4854750773,163.177338763256
"79",156.613711264473,159.431377367596,177.819718347025,173.553633721858
"80",173.081901691193,174.663313586422,161.504294473922,163.988506663989
"81",172.274462042391,160.698696530696,181.198078021558,179.119174948151
"82",170.419205113508,178.042449755249,162.150218002768,170.233708825404
"83",172.552177963896,172.798848907346,178.377477731639,187.849392308455
"84",170.08466200051,172.883940806461,176.496663726467,175.543408810411
"85",180.648984391286,186.250226878419,180.101217369794,188.495968924161
"86",173.263088135064,171.109562979799,163.512760042332,177.662500612226
"87",177.43429021191,173.282358524209,158.782717457203,168.594748927162
"88",168.53466722712,171.808471546025,164.136015225032,159.493497440202
"89",169.545581540811,161.265984756344,176.154245631618,183.789518141752
"90",168.15870620852,177.317029538908,165.059031676973,171.263556426455
"91",176.213774200726,175.017597099906,188.099221642111,156.703660548106
"92",183.131759025158,183.085545088697,183.28898582548,172.250697859212
"93",162.313686641448,153.312890834286,176.546284618708,171.765048979838
"94",171.307302584426,165.241155815735,179.180544761505,184.33804968575
"95",170.491523008839,166.647128550081,170.683504506091,182.520635443235
"96",173.851874348222,168.163338928427,172.795088807923,172.36168362157
"97",161.628350641726,161.387021558553,180.482212873776,185.214403899318
"98",177.791355823359,161.342571324977,171.153406649462,158.226446090608
"99",177.089846542663,173.433883138794,174.193072341922,179.312252490925
"100",169.556731204989,171.058741179433,168.655307413395,170.937651149933
"101",180.773027914924,180.202756149031,174.215089318201,182.536079338709
"102",164.88773331933,164.31366097987,173.586081447296,160.424528442787
"103",173.256826482261,174.344778575549,182.666938239533,169.71584737406
"104",169.317439565807,171.898032777473,182.800517576159,190.205551147568
"105",174.812686282281,180.314414549849,171.03574882101,184.890938832753
"106",179.906826552257,185.423220945299,186.414743559732,183.795794485504
"107",181.941263333794,183.810298581861,171.137277346131,180.445755542568
"108",177.695398896879,174.913796497978,169.008798150727,169.836016900198
"109",184.864915014074,196.093744964697,164.192013395556,173.184152316295
"110",176.754242805298,173.81443814454,179.52868470773,175.860818723957
"111",169.430452861682,168.710953801276,171.850583921472,166.870470768163
"112",176.584167593394,186.132242641911,173.156798805872,179.983888337922
"113",183.99191676595,177.407715362954,177.981183790137,168.715588811372
"114",167.921788794471,168.35337601508,163.141799039189,153.177698448285
"115",183.504372005924,181.235903054571,157.200445402089,166.143264124339
"116",179.739888628278,185.736486324785,173.921432557145,171.43089578194
"117",185.476409449063,182.994492165222,176.144440805311,170.328312114151
"118",173.785833816085,175.27454338465,167.612433463892,160.896704837086
"119",180.010414577829,174.299047612582,164.809768140147,156.180908199454
"120",165.190520800117,172.249695176383,175.994215093879,168.589368062541
"121",178.344662229278,182.63366492102,175.122703823029,167.061294724822
"122",167.330462938746,169.560028705595,160.253657795812,154.901342683561
"123",175.725304889682,172.74186417377,168.65925719261,163.642030077699
"124",184.943520500784,188.660759197992,169.570718815142,172.32530416539
"125",180.113948330866,180.037684112251,171.021178978938,173.509033964643
"126",168.975718289187,163.380504686931,161.498357839766,173.267596670021
"127",190.354716796778,186.626549412888,175.294942916747,177.315907162701
"128",163.274495963931,163.168726568131,173.901361697102,178.533258225635
"129",165.845110493389,168.99056711348,178.28430823695,168.885260681213
"130",182.174210416217,182.008060236685,168.452626049112,178.360322824214
"131",177.685173301523,168.932104071718,168.732437233265,166.830508152075
"132",156.679294173373,175.785695536444,161.651440814621,164.389838893874
"133",167.979640728556,165.936809075305,180.788646030728,160.810828888641
"134",159.219531089462,154.8298070983,186.43657014057,178.147306795905
"135",168.609018369868,169.058558664319,185.103600145443,179.581546397053
"136",178.498595577374,183.190281887713,174.568706163295,194.482108463935
"137",161.040624825361,156.319550413499,174.016509097435,173.813258817494
"138",174.832104069943,183.397513716194,170.754098696747,179.627713008961
"139",160.665928657616,159.847590167389,180.84568277656,173.121399384941
"140",172.82741353068,184.796916368684,181.487818589911,188.299175354787
"141",165.98295423612,174.35248318096,170.291234882292,173.02622616098
"142",171.092115910611,182.655924394582,157.979234053391,172.84795420498
"143",167.315044805087,173.462284813356,180.838574549829,177.368389096097
"144",165.39796543338,164.597401804948,162.376272691001,160.566996546727
"145",167.880408133491,168.64215083189,169.932099959505,161.985500912948
"146",175.485875310871,178.906824628556,172.580963864481,174.995857625559
"147",174.517804238407,180.333148421922,174.26555084263,184.322359475504
"148",175.592787283411,167.383480830657,173.678325199901,174.090234011442
"149",173.082255114595,178.043942420932,164.24217527194,153.786505980304
"150",176.272474108442,178.559009410742,173.786153489283,181.361132412887
"151",173.909394101133,173.532662049105,172.307172784383,175.335304646275
"152",181.921168093816,176.931471624951,168.923870716845,172.472726495515
"153",178.956418501975,170.681221316694,175.391455167778,169.809737668296
"154",169.490317886359,165.51443757104,180.516369713069,182.404794444906
"155",176.125075280556,173.940124832999,172.161020333642,176.05293354138
"156",162.383935596198,163.17853188052,164.081773500082,174.606830308477
"157",185.646651840173,191.079231247058,179.422522452042,180.761805268502
"158",178.075353705095,183.089596794955,180.349656866482,181.69888418336
"159",171.770513267771,172.16875663276,175.860115922267,170.376748559581
"160",181.738332988237,180.714887087646,180.156662439758,162.269996183409
"161",186.434848863021,174.571874011997,178.840077976559,170.269073817724
"162",173.829438635605,171.156683751886,163.244744692958,180.352779847635
"163",163.650777008034,170.00881169197,181.297641304322,178.874741574776
"164",185.368904508146,189.492046047762,169.867022378412,159.813230463796
"165",164.713970141111,166.386686841067,171.298243230857,172.220046854454
"166",181.448415876223,179.780639735318,165.410705208505,161.413597282447
"167",170.649446175594,170.436293989433,177.133443124364,172.85657022371
"168",171.370124345935,171.446186098614,167.065702491674,170.108076804747
"169",165.717159560868,168.199133044012,162.891962001669,165.810486403774
"170",175.713126837771,175.136386761455,169.981155039685,168.022479614236
"171",166.588653496319,168.96388609519,186.339238827636,190.133154203166
"172",174.129487260477,171.300829381177,180.035121972631,173.69513601823
"173",160.267004917793,164.372997668138,161.366787617851,167.757901725022
"174",186.628996270632,178.796491266145,178.104768112552,172.655840439261
"175",165.352917101125,170.94703276863,179.980452493309,187.617057339111
"176",183.730720235347,185.720681574035,177.280423431739,179.082243068339
"177",177.330132201591,187.69090979827,180.798109481866,170.569315843699
"178",173.909028414381,170.026605429658,175.04148574673,171.984300173955
"179",182.432834687059,184.974726842738,168.669143125884,162.54341697448
"180",156.776347896561,153.175124810479,161.638396619552,170.956427426169
"181",180.62942451668,174.8893489376,165.131843277081,167.597447297299
"182",177.594681716764,173.380536136775,181.02327574807,181.431445912036
"183",167.068586685987,169.08230280592,169.508684599625,186.398396365321
"184",159.020784713629,164.120002372873,176.028239670511,170.291389880019
"185",180.135394798859,176.435076767449,171.909335780737,176.275374333812
"186",190.945255398265,196.815592922689,169.569895821121,169.072781794027
"187",175.136577346107,182.268680704874,170.091364720243,169.526850611939
"188",157.359240866315,151.869225258889,173.761077601973,159.257236655379
"189",166.894554878531,164.926913696781,169.194986141874,178.169076756681
"190",171.599379194059,179.399500894119,173.609776765473,178.237940055264
"191",169.475461195686,173.451579793951,174.944549987466,184.47735463981
"192",174.626011946165,180.050865874866,155.081870653533,163.007152792611
"193",175.346758220315,172.381890854273,162.943163513997,182.131110904547
"194",164.06367977553,179.251218784096,171.861362984746,168.756068275245
"195",170.255876818102,175.966258544915,170.429577617948,167.434501136958
"196",182.090862507488,174.926657829895,174.419494985862,171.444681400039
"197",176.662527008648,178.291629409777,173.638143559943,167.398938456007
"198",172.747327529947,161.961097089609,175.046997056464,163.647747571976
"199",180.927768042483,178.775724166426,171.522119864368,171.828430901294
"200",173.74992150423,180.563648996179,185.938706785993,169.831003734899
"201",176.517567941721,176.794441686502,161.136027985823,173.803904220088
"202",178.846720755377,173.879849735061,163.527046457556,163.200411328033
"203",165.716740810365,162.54274913973,170.90577394375,175.135348986756
"204",175.723516179841,172.759134609267,160.82849379068,160.99377639895
"205",180.35470872823,169.830604572793,158.360012124571,169.102704532496
"206",185.467600750833,183.545226271662,173.123104037788,179.520577849227
"207",180.949894955652,179.599859922909,174.441039935692,169.907345256366
"208",176.244353824246,174.669386775237,167.24479789188,172.292188210341
"209",184.544538382843,184.58586445523,164.478525886532,172.315404240791
"210",175.272252711827,175.110565902484,159.077398371697,162.873085943164
"211",163.610461055046,169.612236475036,163.19864833741,164.545340114516
"212",165.90276580061,170.704553645635,170.949719506424,169.456450162593
"213",171.348155641426,175.605791525024,174.528445550548,170.515382138048
"214",186.065243031136,173.356585307688,172.573608045639,174.283077505952
"215",167.055951136956,167.98528918401,183.54136889933,167.702359111321
"216",169.263291980324,157.490061080925,164.643613438884,165.371755265645
"217",173.586392187338,180.604616986505,170.398764292746,171.259730577621
"218",179.641569801529,178.48508524957,167.080300276397,151.647335585102
"219",177.830266723194,175.217502644986,170.008450249804,176.912654116881
"220",173.412743950717,171.794839952246,181.294269783967,164.5061598313
"221",176.253836500182,178.548457626164,185.382793209429,186.702038214827
"222",170.548939037059,169.058441900745,169.337657535183,163.985694901813
"223",175.104745406713,182.046037931553,178.919100105247,166.340760785379
"224",170.615234584618,168.692020727857,160.480144227833,170.515717124631
"225",177.701969136221,178.333614279392,178.470134484568,182.559744245594
"226",177.975894084578,176.991519185765,181.007242588598,183.437102865381
"227",169.5833836441,165.103816129458,182.781108764425,181.464928384031
"228",164.387569325459,160.535415999027,176.812233835843,171.032273310487
"229",175.743472375269,176.89174813467,161.883462486825,162.470149191214
"230",172.47798261559,176.791531848608,169.084331537769,164.509071652458
"231",168.053541756167,170.73854588958,180.591195685856,176.260591618949
"232",181.540875807401,182.765732798903,174.526163494118,172.133537437924
"233",187.375967311658,181.25891867236,174.275390565633,173.526691000016
"234",174.470961816937,173.278152495161,174.127512298311,168.824403359075
"235",177.918853354522,167.851774347337,176.78844041527,179.136284858061
"236",184.565982838982,177.421408590421,162.977105632655,176.195373151277
"237",171.553116326969,172.183469297851,175.27152566281,175.196590996445
"238",172.138609284198,172.765105289137,168.589408436466,165.825044188667
"239",172.701668111768,165.137733719357,160.251454515461,161.09050194439
"240",153.171394503512,151.240221209915,175.559142731027,172.281304114771
"241",181.389976732621,173.321653359446,180.301321271856,163.983042111945
"242",162.247808843712,167.500653653622,174.807803307131,165.962569117295
"243",175.876765185958,173.528861500807,166.752166239896,173.270752305002
"244",158.350787770157,153.348818554991,173.194823758976,183.999200628292
"245",155.557796674713,159.78597539827,184.396096021235,179.507349862898
"246",163.505654151972,162.568064962263,185.072863582695,181.984993420617
"247",168.006846215559,174.077548926475,169.443661365023,167.305555962322
"248",160.06815460125,165.716482012908,173.72329419321,177.829686482239
"249",164.850887506329,170.260094025687,183.198709978805,178.834425219947
"250",160.342067174945,159.467299154536,167.031823255398,179.549881060238
"251",162.248295993288,161.541546323342,162.153523341002,166.234305322183
"252",186.261165547344,181.309771263153,178.525404896276,179.124953424298
"253",175.535682051781,178.674709904253,164.830343329458,178.185275759623
"254",186.463540903603,180.738332236802,168.512815870121,180.691303208753
"255",169.210450018708,165.994339888451,169.487133106958,174.443947018409
"256",159.27787140721,163.350678618834,182.907614312528,166.308982821318
"257",172.00940398597,168.823236099213,169.17485099955,181.100129824117
"258",175.735366409255,177.107996058018,170.200262764001,175.895024035931
"259",173.808636453347,172.89922267029,170.033127108982,172.445142486866
"260",179.781345499241,171.027098170741,171.040935011694,171.963194807838
"261",183.221907200949,177.223151805906,158.475004631895,173.0760524963
"262",178.025647990896,177.10680374365,173.398068588427,176.326838494827
"263",184.611986843383,181.151597856662,169.749610090691,177.819384407077
"264",176.689595096521,172.143274993258,167.109703400656,178.255634724026
"265",169.024067292042,171.034101080986,166.200816834196,169.101116353946
"266",162.086346261322,169.210240036605,173.61309450801,163.545876713157
"267",166.009748072677,167.941439276515,177.539430306095,170.921065800078
"268",174.09276036823,169.057062291602,172.352402617738,165.746908249936
"269",177.189115592236,174.238820828795,172.914741136882,178.120202849545
"270",162.934086944103,161.839788206303,168.451505320325,174.285231519102
"271",168.606926750722,166.50271274809,162.250408693781,174.779860058725
"272",177.862487363916,170.170356336334,172.997660234732,161.214797164936
"273",166.458601282231,168.298891281139,179.196507356213,166.802977468453
"274",165.659559593175,165.83952956458,170.020651156971,166.105447553281
"275",177.865972751302,175.600921007548,172.99443110716,155.531849460927
"276",171.406105575938,160.43881039112,169.984519238385,173.687594265875
"277",173.461912090327,174.033251371124,184.988709161347,176.493855570255
"278",180.467402502026,185.27339286153,163.889158108654,164.20064573504
"279",166.319349180437,167.225693343457,167.733279425873,174.689163735297
"280",170.286168193654,171.59652654662,169.564344977838,174.910431972568
"281",177.7167558603,175.25066585768,168.634123303543,168.586598909114
"282",181.188787389885,177.078889735027,183.104603406813,165.214850462064
"283",170.154088544745,168.942618393813,181.563912455525,184.89904477797
"284",171.391799694323,173.996873138192,188.286475722729,181.87469616266
"285",170.321010005927,171.66518615968,165.841338150383,162.935668753737
"286",178.895865993169,177.687040928638,169.115459805852,168.427396748839
"287",182.361120748073,184.796300936154,177.446274229079,166.449229828785
"288",158.662765675497,163.586456440417,184.261064718515,184.683703153754
"289",170.075422335835,175.554782814468,164.044563460002,169.766628411714
"290",173.235735377731,172.377273381752,174.440788314985,176.28252258582
"291",181.561634141535,183.93598055488,173.351349805707,167.066944660354
"292",175.20784272393,173.413682301181,167.352516941356,173.574553780608
"293",165.037181828124,165.40902824228,176.998666695021,168.059823947607
"294",175.962990072887,178.694283488576,167.575501286233,177.10124264923
"295",177.760166007016,173.518139957208,156.812525653026,172.207945099114
"296",182.123631839781,182.208487865693,179.267865251954,180.631775065574
"297",161.430573184539,164.578860874235,179.909047439159,186.454565593516
"298",172.056070311764,169.314808203075,178.513842051399,175.481650647823
"299",154.290127335558,151.991417921407,180.949186807493,175.211632482218
"300",174.656989660922,176.054261042823,162.376624277966,176.008240576787
"301",166.195328487208,164.369852474957,184.354582671592,181.230520011769
"302",171.773924753169,176.607447620742,184.521801305638,168.547282156358
"303",180.904065382217,180.435419244693,179.582533764591,172.29867236056
"304",175.334792828114,172.854828016798,161.679960693685,167.295801748378
"305",167.682673700491,165.729224169549,175.176538130701,171.501120793923
"306",170.436411761835,184.50650291438,163.565273568298,172.648671553231
"307",166.966867543247,167.422434131926,162.461148965779,166.909090816618
"308",169.020682591091,171.103790519096,181.711824385616,164.71605117267
"309",177.730297342054,177.629924835971,182.473898110521,177.747380035679
"310",175.123830689375,175.732341383135,174.726094360655,174.468151572554
"311",179.420104015925,173.5741335784,164.663575194574,176.590766674951
"312",162.23474192629,158.700603439152,167.514531963996,163.40068368441
"313",168.613831440684,180.397608851857,175.412203202606,178.698906227027
"314",163.714096989802,169.973220878217,170.842804501062,174.556761241146
"315",164.59053643736,156.882028302507,172.340207393928,172.613466859947
"316",161.438747885865,163.674457802809,168.758896021941,178.865759643709
"317",177.132867192177,182.089899932485,170.406756131308,178.314257271945
"318",183.07530455454,179.530139660748,179.08366212176,168.861074219744
"319",194.063814616499,177.695574583106,161.12839357179,159.987478040106
"320",172.888064330857,174.488038608259,164.948448117647,164.352338771074
"321",179.175972830779,171.764746094797,173.307549707102,162.206966782446
"322",170.250840439092,179.78332403578,183.1769609505,179.14961477208
"323",152.93158734822,154.986478327765,173.21021589525,174.102953880692
"324",176.609957508749,180.315835024564,179.877419661633,176.753843756441
"325",168.088830663199,171.132003270603,174.662396345602,168.765020106979
"326",168.008399763493,165.253854032893,172.91017306821,166.152016015014
"327",169.881934249154,173.827340817099,168.989063089431,165.499185605314
"328",184.036746082705,188.065206773882,174.60889630333,174.157423302119
"329",173.076798177059,179.264140606505,162.04638395486,159.415001601041
"330",165.457716237788,169.130338600595,179.626131932887,183.580387934067
"331",168.66303320441,169.84635185639,165.344460457826,167.283962236771
"332",162.349291909616,161.913883496376,160.832481643619,184.621793160813
"333",174.783690180305,175.835422446556,174.038212826507,180.989974835086
"334",171.35051522968,170.965209685996,175.00490688678,182.666734573208
"335",165.848801474461,173.223496525961,178.282493445721,186.072429798345
"336",160.123622598559,153.686803085467,162.320901417053,161.252639493079
"337",155.594248647789,164.783598490137,164.262284358576,169.541230272149
"338",176.630142645753,182.598320087546,176.110723901223,174.762931099106
"339",164.084138726728,168.634137771057,182.430069599363,175.825432545053
"340",183.569697740929,182.977250942501,175.881420080268,180.053838497668
"341",172.762327601955,177.062131018762,167.944768303112,170.579222099915
"342",162.908434899914,168.821944866109,164.675533221878,163.41175820119
"343",147.35265876579,150.956608124338,176.209755568287,184.634566112254
"344",167.687705840711,170.627926277914,159.878092179495,182.726118012781
"345",178.365321626753,173.741167011535,163.785865103986,161.413638897913
"346",162.36497403085,165.387707119795,183.787225422398,169.91559276182
"347",177.138683507467,173.866711264176,177.292688403189,159.63720911957
"348",183.843709720646,178.947418963004,179.070640671552,182.082344622776
"349",180.6983762282,182.918847762167,176.677570867143,181.127934781645
"350",178.965259677982,176.660696747463,170.202488410383,168.325498659725
"351",174.90681154866,170.93833162143,167.452051124079,174.791110214301
"352",165.467147713469,160.081872108168,181.406803307565,173.155334298533
"353",174.300464454028,168.341709693023,177.160240162127,187.839551985037
"354",172.503556521884,177.968096431238,163.11167873528,178.448631917712
"355",173.491393888772,173.503005521852,162.751517086939,162.831717069507
"356",181.71490240688,176.009124040569,174.479059877338,173.737920687341
"357",166.791484711952,165.826409425697,180.754099235414,166.935707895759
"358",168.272279256545,163.288449272307,174.308404044061,161.819359248282
"359",169.175272546991,167.093563294888,166.206084169698,179.45361634149
"360",170.662514872589,168.200722197179,181.60880696802,177.696760299946
"361",163.988929360437,168.941131290102,175.217210322447,176.973113516747
"362",161.811830544159,155.539408476732,167.039619322192,155.346535084955
"363",168.206995347524,168.542308063341,187.329514426545,185.697076056997
"364",168.826642444477,169.081196637074,168.877435275599,163.521814807761
"365",175.904144490098,176.375154887115,191.686184652237,175.987668384884
"366",164.619526744042,162.95128886508,180.691759937363,182.87592012273
"367",176.762275322511,180.899615119535,182.214873179817,176.56586157235
"368",168.437429119159,164.409683147497,177.619515631705,170.645485826277
"369",184.638488497242,187.283529384665,169.990038146863,169.665818114345
"370",177.172725092166,179.989483508885,172.765228538633,172.65021479366
"371",187.436675029972,184.449445849718,174.060609530946,184.599059362884
"372",167.176826496766,165.006200657905,170.203801453997,171.102526869112
"373",166.719167314508,166.469547041062,178.925346047477,172.125839705544
"374",189.471118126414,179.095064277251,172.097151893449,182.216353576614
"375",179.564741778205,174.565253171316,176.741074872299,159.856550022934
"376",181.907201994809,178.720403047689,166.075738061998,163.408083082923
"377",161.582201740872,154.276291483866,181.20154713288,175.190456788674
"378",178.561717260687,178.60751489949,186.230677215153,184.500346314247
"379",172.571173480178,175.716730271536,170.363140461624,154.258476648507
"380",171.23642716183,167.491746839399,178.021974317234,173.066885893892
"381",166.007875973302,176.702447904421,170.55563148053,163.521029554328
"382",182.195067976255,178.916688578081,161.615566837929,162.626844295161
"383",179.085214352201,178.049200692212,169.311851157577,164.93287549607
"384",166.803428027426,162.047089888494,169.023360515901,171.870205468253
"385",172.320331882205,167.740876616109,178.533258308782,171.835565555333
"386",180.176418823275,182.522411890364,169.999489885486,167.967451384358
"387",179.904982102371,177.69959316001,186.719196401552,174.463612569494
"388",162.505694539693,167.728999159825,172.366348195401,173.135390001676
"389",181.440426313111,175.930667677318,171.361378846195,173.537202414972
"390",171.755436150622,164.1281128302,169.999060835608,163.006250903453
"391",171.035462512717,173.263244317158,170.403227439954,181.031899178186
"392",169.980549040669,175.219445458396,182.422234744321,168.809653964221
"393",169.224799007904,180.836979556218,157.441463985869,163.996630225289
"394",167.820289916417,170.254511083155,171.172512394057,178.675709184193
"395",154.811620857517,167.605624370274,181.842645160052,180.183317011877
"396",172.81327926978,170.255021118391,167.416350841955,166.479518337998
"397",167.751331125904,162.544702283738,162.179086110793,158.485779379275
"398",158.947968901128,162.253659494651,178.732170845182,170.238125780158
"399",163.625903727928,168.084675871812,167.14867889437,157.011328775987
"400",179.89264993941,179.126411455606,168.093086306016,178.853590143254
"401",171.790722958197,167.728249866261,184.354745562301,192.442997438803
"402",187.330524971625,188.842502691189,177.936972690846,175.529057180767
"403",166.776767383915,165.047183246213,166.835878402298,164.76582791335
"404",185.85524143416,174.698753141876,179.588467697702,170.862202751697
"405",166.255736942346,173.492741798693,163.731424976775,160.028089867129
"406",174.117202137104,171.493057627418,177.999110646793,174.841545736871
"407",186.441346284991,187.311624496446,173.029511555445,165.992893169214
"408",172.057361579122,170.130388809547,173.838799837365,162.727834118118
"409",169.862469918096,166.079427695696,160.613891776434,166.466758596922
"410",162.220195791962,167.851086994774,178.195074492241,166.858247561183
"411",161.851807490428,158.684759476434,178.490224585643,185.358031529019
"412",169.622019144587,174.962909742007,158.135183916217,157.53411737734
"413",163.703112154161,169.267446879331,187.115747262506,172.30211702025
"414",178.434868116659,180.255332429185,163.999469018935,171.621994099315
"415",168.991498294773,177.260004294963,178.307020686497,170.268612266179
"416",167.305820516529,166.603970512965,171.090300825789,173.358362334578
"417",175.177811125396,172.121107863936,184.998387027626,176.463006130851
"418",171.767722314887,173.377274078485,180.40283336792,181.862297367368
"419",169.565554871538,170.412837175269,156.185789410945,154.907927043422
"420",167.85890246998,173.511316958703,169.734603275025,171.167014664439
"421",149.272966670475,151.70236627134,160.703134705289,160.989902510471
"422",189.978508220822,180.113418362118,174.789787739744,175.314167690535
"423",176.096939253186,175.355196982636,181.063524024941,171.606504980233
"424",180.634169116162,173.841040220812,161.433397203815,167.322564893862
"425",175.504846079537,171.672063658178,171.88772493029,169.216626859403
"426",153.403112399689,159.383953835144,165.312170441927,163.722996391096
"427",183.758533205622,184.337178837277,173.825608151066,174.278091349272
"428",169.955339682652,168.672871108186,169.264724280703,180.855727931514
"429",167.811704999655,165.776775075818,185.238305165178,185.466064714976
"430",167.867648613463,161.13570694774,186.315570159831,162.507414830203
"431",176.609026008865,180.690999085285,167.440183765504,166.358544262869
"432",179.200884725995,183.946764935021,160.218693929742,156.356962302649
"433",175.996904268563,180.667151513816,164.171610541241,162.774083744704
"434",166.982452982167,173.683615884763,164.422873254051,167.95140859941
"435",182.964951419446,184.611096855858,174.292870570849,169.793519801015
"436",159.507163347747,165.863057425989,165.616780561071,171.229183486553
"437",169.440619224537,177.340555121852,172.976179443014,159.469544101399
"438",166.252747179886,171.661810311168,175.853905696855,184.124375687537
"439",165.543265425846,169.313167875737,178.254475623541,185.099908732596
"440",174.620675804035,174.443897775295,165.396862100091,167.381189738713
"441",172.808427910647,173.239860648229,167.323902865719,172.215358209108
"442",166.194108037959,172.726377384204,164.790892599547,161.403393899716
"443",172.827247469654,173.332899820347,171.839096571335,175.390575623925
"444",179.791379530546,181.216937460024,165.430036538321,165.668025784857
"445",182.959731176629,173.106759262402,171.535631740903,169.7497402016
"446",171.284550533712,174.70119080477,168.629552662676,157.924567735238
"447",165.457160538425,164.876167531624,151.735205236839,163.124892269046
"448",192.623417140052,190.067617792125,187.538298948318,181.747315612136
"449",189.928002521237,192.541504318909,172.015082729818,163.660251369716
"450",171.525440589069,173.686572437125,177.110415401032,181.208573285018
"451",165.469585892807,167.547107759873,157.643348393926,166.513911481362
"452",165.464878034751,163.974488192602,160.448431605387,159.766476134341
"453",168.240285003706,169.800747611901,171.734208380272,167.798807679711
"454",170.102371318221,172.559616873498,185.57843893508,176.957252821088
"455",171.592582130667,168.791862035304,168.046271864318,162.253777661368
"456",172.660844001945,169.321099038266,186.17957093764,172.404637839648
"457",188.460509591615,195.356033841076,173.879570262659,164.406664061495
"458",163.774979070386,162.56930292668,174.814021108897,161.405252171621
"459",166.922575409777,171.025958808716,172.788166264047,171.1497463261
"460",175.452922089711,185.882883448767,180.669336046826,164.911242238924
"461",177.162153886169,176.075206706113,175.853073553147,180.24757411299
"462",162.199821057173,162.053363846592,161.168011963659,168.4423702117
"463",190.864027787709,179.648773315015,164.460796230157,171.724487331728
"464",174.573298900947,171.453176303804,169.806056036996,149.084910233906
"465",178.332272099425,179.843015375152,184.371252007089,177.192717172299
"466",155.732986871187,153.457172508745,165.081245510109,161.69824821985
"467",164.928234015394,159.837555939241,171.292811697506,167.939492867782
"468",188.489404463516,181.887071612613,159.662593411115,169.668518076745
"469",182.85374172571,177.98157024194,179.400515947392,185.239191967504
"470",172.644304208224,175.083308350619,160.985963969214,151.091594916301
"471",186.285751523245,188.226654427547,175.848754617571,173.610114017029
"472",164.772399575878,169.96465458042,180.664086077915,189.38650556457
"473",172.795734484237,178.311111824584,165.381745545891,160.366955136808
"474",169.3745844958,169.996699500237,173.400762587297,170.687677638748
"475",169.003461671916,160.913529635504,169.625035939654,167.897467173167
"476",182.45077033605,175.576130479957,177.000753904594,173.703743312764
"477",178.535933529968,172.198309201015,166.074289835796,164.729237283493
"478",158.142472400523,160.518427159845,173.036323730476,174.411387364071
"479",175.758075345642,184.121145692168,166.374019369184,182.550370014705
"480",167.671647686168,164.282843458479,178.11284280183,162.699208644705
"481",174.442536729048,178.402305451282,184.526977374935,190.034518449535
"482",170.242299217559,175.733718607663,165.009439988321,163.443103463965
"483",175.478367244377,171.729817937648,159.952028504711,155.099036418961
"484",165.121875121097,161.597483909018,164.090013864617,160.38882131565
"485",165.517445527443,171.691364022029,178.561866777768,183.206889647933
"486",184.533124369171,184.664275859496,171.732007568077,167.211682181822
"487",173.937477789315,174.281132776253,175.707288887849,162.697625146044
"488",171.386748469412,167.388587335893,178.637049415508,176.550842072028
"489",171.837863774136,163.690081273489,175.943726558644,179.630194263702
"490",170.968733163271,170.863168552993,163.045612592645,157.673305908964
"491",170.624845961633,176.764234746957,166.027447835099,172.59080940121
"492",170.098916507623,172.689439014735,185.910386869693,183.52239928942
"493",167.540829305129,163.299685153731,174.324099472703,165.247648876773
"494",178.613362572631,175.758886684171,169.749825898505,160.562634720789
"495",184.550870625788,183.339382600171,159.439580039879,167.467981262046
"496",174.165008663465,170.919291941293,179.002414487309,177.171764721149
"497",168.505646743152,174.177940445054,166.316532711992,175.939251242376
"498",169.639971282563,165.665795697306,157.003609596235,164.951452330291
"499",166.609114750154,165.53064307223,158.81865882743,162.262379672505
"500",164.444072734706,165.973688922332,166.689446703228,165.830342478844
"501",158.568485348652,149.854493090062,172.853231883304,172.250588279982
"502",174.499275562358,173.312957180365,162.826271788314,175.03784169816
"503",166.729184526654,169.873324039507,165.344810682671,164.768416605779
"504",160.126071194089,165.941027705861,158.960967795204,174.660429209512
"505",174.85204294007,174.841638766632,177.696439067454,163.840530948652
"506",173.303557481081,175.414429639355,159.226538287512,168.246271376022
"507",178.208896493348,178.380610662296,173.819090512434,169.311966744822
"508",176.770975211222,164.140735681063,168.743749830671,177.677605692647
"509",178.444950477958,170.137344845279,179.679803933958,178.198365701986
"510",167.691319375615,172.063980955275,179.899888708793,166.836925890506
"511",156.135992463191,161.155876879298,172.190466255487,174.94477150401
"512",177.513237249576,179.938426196388,165.588624076355,161.849927782127
"513",165.287004650754,158.979940286259,174.304800732689,172.036522396338
"514",171.047316647769,168.499064622577,172.48677524757,162.888840678842
"515",161.233293969242,159.233776434454,163.849067451976,168.098055842824
"516",184.775866459515,183.199296560377,177.74325680702,168.175685870128
"517",168.385978494283,175.991810836218,172.739412500577,168.281001217558
"518",168.398962467026,164.228710554312,155.28130696037,172.788175697792
"519",168.621865651966,170.163944769937,160.56941103162,168.211573902668
"520",172.233045699619,172.37091575075,163.611210551378,167.285067177883
"521",185.931859647547,180.707042984727,180.765450511746,180.454956389679
"522",173.71214346885,186.909883689451,158.61910589641,161.102804648075
"523",168.327794085998,174.71094257266,164.969332096405,171.898795156684
"524",170.121065402345,170.208632232216,179.016525754879,182.194109931762
"525",168.812315092849,171.144363875804,175.878682309723,163.604588209662
"526",182.811555177492,184.122778944172,168.62861907481,172.685819066074
"527",175.386260089825,171.090242249844,175.112355335897,178.574531152922
"528",176.637051980685,175.947426950207,169.11207248616,173.845295509118
"529",157.725401021401,154.352305249122,167.813374545704,170.002244376392
"530",177.961443582458,180.851084479969,165.482918118457,170.75298764024
"531",164.046548665475,158.60798195981,169.985345395876,167.545738449149
"532",169.088570726814,169.072512125266,164.060523348657,165.9918779292
"533",164.527416156756,165.258202179365,155.886137444245,157.363049258339
"534",167.70358546531,167.386167767613,178.700362761474,172.439070049461
"535",172.132195678638,176.139179906995,174.252071144308,172.525993807015
"536",175.713039356758,177.389868984309,183.926294327647,183.965694095014
"537",179.600985341342,181.49627210476,176.918704253764,182.052837014615
"538",172.421913145075,161.938541702075,171.500354007234,172.756105088896
"539",171.197649779258,174.386427495354,169.993919831928,170.884698791287
"540",176.949787184504,178.633341028253,171.877193841133,166.215510245539
"541",170.845736282454,177.564339371479,161.385331249345,157.836719252579
"542",175.190101973183,173.741444802609,166.061555627486,167.667764019192
"543",161.352113925061,161.586056759538,176.549299943924,182.08469593991
"544",166.242542947918,163.460338927178,185.934358840204,178.167634704745
"545",177.213693333226,177.928070993823,164.042154537595,173.991336191081
"546",177.440404409486,173.610827014348,174.333687636695,165.046325428405
"547",169.809868698859,177.735639091554,162.232814456686,169.704437964192
"548",168.759900268137,160.934638873357,168.277464710715,168.33684446611
"549",171.373674321528,171.246419282188,181.60022996522,173.746211769141
"550",174.751983442558,178.068506840971,175.775657117858,180.419816612549
"551",164.382486021628,164.073777511972,156.688125937692,172.23364387037
"552",174.794752672967,166.174328352585,160.326209485688,156.787540286847
"553",176.178951423406,175.81520737678,179.858954848507,181.507353543799
"554",172.310740308297,176.545806251726,176.055168745559,161.894553724196
"555",172.593694585947,170.601546498188,172.054872762758,168.176741413447
"556",171.242109213355,173.694015409657,182.141754798036,162.576857310381
"557",162.064988337253,167.042899275138,174.092630541461,176.76178449865
"558",174.726185561499,174.758595013208,165.209193513127,165.158860937418
"559",181.763449315524,172.546228139604,186.319298011953,176.9109585975
"560",183.193046995143,175.959203965827,170.222477828923,170.713225802336
"561",167.42819744963,166.962709682296,166.637856544291,165.170562499862
"562",174.440315673733,171.40355610404,173.842234058522,173.392854215247
"563",173.139356142444,162.501445240878,168.609940821976,155.308957453145
"564",173.958173720557,171.792695200039,170.673115354422,174.509260994968
"565",170.264371784092,169.514293273533,174.240796880539,175.022237388569
"566",186.336555054202,181.05944942208,179.301256319039,194.768547579181
"567",180.425357444655,181.664210287275,176.923775924553,173.097257397262
"568",164.834228569324,158.495442715547,179.042848398706,175.777446726873
"569",174.674512573858,172.108982942268,169.673608198166,175.934121615798
"570",174.534101436088,176.314734648114,170.025108471278,166.566624923123
"571",175.173858881779,174.459089770116,162.533762146112,177.827280130633
"572",163.621093700064,161.799568397961,168.356252579637,175.543744818757
"573",175.143184800224,171.511545154995,168.142678318372,165.818422543704
"574",181.775227014341,182.915611506447,161.86701944238,177.228354064912
"575",161.696325276286,170.111831697727,169.590592859371,172.18668882347
"576",169.94355193338,169.900421737515,167.488660032157,168.432114627775
"577",146.95516416767,150.620985971535,183.428066427339,196.449331361334
"578",171.873748890285,178.124653433288,171.316219768233,172.034771637364
"579",162.637402407154,164.508445355858,171.419126791396,176.259009328462
"580",160.736950809187,156.613257907192,172.507033457702,172.274623682874
"581",191.935202769153,189.255794038527,187.352267437812,169.090159790603
"582",170.205929702614,177.981833379874,183.946119181408,185.614651129592
"583",175.53049568963,166.176726524543,173.414131403915,166.808256404456
"584",159.460589591247,162.837821576996,185.70699960083,175.44849531923
"585",178.131322415232,184.574441436285,169.744098196865,175.305402553342
"586",170.984827397952,172.642224797972,160.445880514752,172.218979077505
"587",169.32916250108,179.181698244574,182.528508497776,171.762962507217
"588",179.520196896908,177.4079885824,180.422326563449,177.317539229067
"589",164.019987573924,166.317414533718,166.734733815459,175.892806740035
"590",181.594359487991,175.173929417442,172.086823447061,158.500299385649
"591",178.225997084126,172.31273307892,179.864678922242,175.435147271272
"592",171.460011308596,178.804812009308,182.720398067987,181.059249911586
"593",168.189914357876,160.789952449285,177.38564500311,172.702176323281
"594",159.260882065257,169.973100117718,158.795799419918,163.508824802373
"595",169.398890428424,172.889618962471,176.367357866016,169.614440777586
"596",171.134171450981,166.904892761672,176.263100992257,170.268766490476
"597",164.85267368704,153.149669272068,177.397959437283,174.439844162555
"598",172.360162365769,170.129719323806,180.822758154,170.263828171836
"599",177.809116819433,175.057219327967,161.521668966296,176.297389385839
"600",166.353523982743,163.61266876257,157.582686705157,158.735853020437
"601",169.784292612881,170.0862475704,173.237266132024,167.780044165999
"602",172.36060146718,168.012357569167,163.222168329702,170.909626376716
"603",175.390829724924,172.035684457474,185.948876722376,174.018073630372
"604",188.624656843055,180.90198828067,173.127547521468,176.826687327577
"605",155.153528761324,156.577082482295,165.322034876174,184.478592038114
"606",177.428656038159,180.579124399349,177.28013121186,170.807402207968
"607",161.455402847255,162.376075681292,174.233923041258,175.495431269743
"608",188.615210266577,187.736819203962,175.329862679109,171.045271875254
"609",164.03052280559,161.537294990977,163.225656130309,165.421960073092
"610",173.525154918853,177.541861301139,171.964385955519,176.537508385437
"611",173.578861050663,167.260211014201,168.199470293965,162.12305065519
"612",175.69753875571,168.595877564972,170.542057815036,161.198547669573
"613",165.974860835095,170.71907201337,174.431226180116,168.835962238438
"614",167.272997098824,167.26294824658,178.372298433979,171.190974066961
"615",164.968038289116,157.242966854226,183.773096705446,171.141928979169
"616",177.390488019643,179.3278250119,179.809264424987,174.27545547547
"617",168.060818882656,172.545684722352,162.202418215722,159.387425378129
"618",164.331180691781,163.479651017228,178.646618294003,171.848806483634
"619",163.353965719834,155.061240024997,170.848122199471,164.534200706132
"620",150.684778350376,152.310179335118,175.894995133086,176.575082891094
"621",170.420544913606,177.07772138327,169.695039681117,175.208483109781
"622",171.175303414225,165.527551290526,168.151672586467,169.756859269694
"623",169.384672799299,173.716107861071,168.288814283095,163.668604955889
"624",172.99144577015,179.378431521985,171.144947214121,164.251198272171
"625",178.53969061074,170.484538321663,180.48026868135,176.662419454741
"626",176.379613786742,169.484285131066,166.780142318788,167.000460569998
"627",174.42114840099,166.453172557879,172.905406993232,161.423446660602
"628",162.693305388565,160.42119595557,166.194746234851,175.7311352233
"629",181.223065430086,185.006691752329,165.771956434495,169.007489058685
"630",171.578418688547,177.637227994784,169.382497606373,184.72913353167
"631",179.011743850292,184.564443314151,172.884130892055,171.508249536845
"632",163.141286537098,162.56520076835,165.322459154504,166.051562184499
"633",171.424646573525,166.325022867677,161.202105302843,170.853462510596
"634",171.615382143172,166.706688853693,179.404873299615,184.686334203332
"635",176.057063288738,177.220712174466,181.298918989411,174.551846603464
"636",161.21955240524,163.145613803859,176.122605807493,185.010372157262
"637",173.898261495453,169.483480593457,172.466488307683,167.128532085358
"638",177.410661382285,184.270472345493,173.682264404102,170.700869114579
"639",176.887582317099,172.043962986845,156.468557176091,168.445442017366
"640",163.312469621045,161.937835650597,174.663693463577,185.073098537019
"641",180.711752468025,182.838355103581,157.485012293224,176.484289215001
"642",181.898862200417,178.582324418843,170.832014222209,169.988664606165
"643",171.006167489904,164.590652950105,175.556780807451,171.504628148772
"644",173.935416601299,183.068762980899,183.532106039276,168.410556500404
"645",174.863742520277,164.839792247723,157.222063105136,167.92481353976
"646",164.748473935987,159.211479749055,174.205669199983,175.357128644406
"647",167.487167105427,179.085006810961,178.388123444252,163.358494630587
"648",161.088539714064,160.966369338004,174.514954153368,176.559665995514
"649",167.72147239813,165.7321786629,181.60523947689,158.600799529859
"650",165.204368447809,168.25212008329,163.637539888868,186.444191276634
"651",168.582438845483,165.881769773155,180.897482396863,179.238458067045
"652",175.171035520612,170.139704103275,165.085048619974,169.364304194491
"653",165.769739480163,166.641597191717,168.912834482518,154.232805432355
"654",160.518673234067,171.416438369443,187.70947372933,176.716440807316
"655",177.821040922125,172.665079078191,173.262725927297,164.182018809642
"656",177.457223335448,171.306367853091,178.290254921418,185.086573546411
"657",166.247392828773,168.687476189006,185.045500376063,175.725511999318
"658",177.415038892285,186.500884219191,178.213839871637,171.429209754259
"659",162.697504049206,159.718662588015,175.548725754746,187.499939001988
"660",170.902827969507,167.790522764656,174.348480436641,175.36762947736
"661",180.163367035951,185.645499769544,167.443737817512,174.027370560444
"662",173.431699766724,174.198546329919,160.303329664641,158.382238316428
"663",183.54738760826,179.814803777395,174.151662216346,166.458515455422
"664",164.470961115332,163.232639393083,164.690030897118,171.893082808633
"665",182.615962510159,185.642206489697,159.941153235053,173.872895212897
"666",167.568191809791,166.447648207559,158.406874106028,179.464277317583
"667",174.363639102105,184.069118884402,180.056725563879,177.772308856472
"668",168.654199139642,176.481719916302,177.649922694608,167.899619750643
"669",164.180017201702,159.256945603453,163.974120827044,177.455684949128
"670",160.895466757143,165.337590794119,164.032859091907,167.154208590342
"671",187.475440893085,182.828104093411,178.911677203825,182.244139842893
"672",176.426899367557,171.201695290852,152.164778795755,165.746128045837
"673",171.35632964626,171.828492282972,161.39866524492,159.621703327734
"674",168.514914867487,172.571403825718,159.631135875284,157.971127555363
"675",176.156206576467,174.032564860084,167.844461486291,174.646002392629
"676",170.606821084515,171.644625793598,166.197254153028,158.916331512478
"677",171.699865285598,172.244668906496,171.110289831947,164.659638875825
"678",166.773323175278,173.312806999079,168.425003971231,171.999695147478
"679",171.315398574341,177.760640151018,160.124811471886,175.594643205948
"680",187.635364689437,183.531432441791,164.349530683977,173.973579528104
"681",156.854728617534,156.470179282705,175.731365497534,184.232998174476
"682",161.527630603974,161.56243094678,168.593958950314,171.805630784787
"683",170.971352415999,172.703029750573,191.991730342549,183.086882854784
"684",171.470905950109,175.987580928168,186.540033692663,181.292915668688
"685",175.473857442156,173.972513277466,156.361569033023,153.850844356135
"686",167.426111231093,166.755068589221,179.899816499739,160.100423352837
"687",174.449937840299,181.319579050045,158.891376979504,167.174209554434
"688",165.329650709218,167.83911985885,169.469820738255,164.118524806112
"689",183.15225596266,184.037323478503,186.901634446808,174.618528107492
"690",165.73761218688,168.637515599659,171.517110510359,162.368190211533
"691",153.561803929439,153.304184323474,161.624707412307,168.604488257701
"692",180.129065854224,175.191024043933,164.471353936668,160.280193555085
"693",176.935069532524,174.628736212208,171.121344727882,171.089414015031
"694",181.985185393232,173.043278958179,184.788938746912,178.866214824533
"695",158.761132533253,156.678080636779,160.789200290084,168.254366820323
"696",178.328971833115,170.119927099037,168.740639089529,176.338068333702
"697",176.79334996726,176.950871492284,174.502412625373,170.384253966356
"698",162.457607741264,164.604763240661,174.069713441782,187.006688823582
"699",170.298956647737,177.845943040382,157.816780621997,150.827546819268
"700",185.733961477745,186.616256486798,174.58134820326,180.954394868689
"701",182.851159564178,175.895011157256,166.627901081936,180.668743833194
"702",167.976367354883,176.742763289118,162.739760705966,179.789759315987
"703",177.49933742792,178.207408455596,176.35885410683,165.623751363925
"704",166.060394882983,171.152756538389,178.07705973336,158.934597010055
"705",171.873437256129,172.957170103359,171.011413011468,175.839472227853
"706",174.484233062251,171.033131637617,177.20370553114,180.000985205638
"707",173.791134322354,169.359980832343,161.197502279099,177.041403466876
"708",162.643089306184,168.481955456155,149.170506506829,167.008530386126
"709",172.061621243552,171.639087559293,184.143172746816,181.159977047396
"710",172.116991928962,166.381716880054,163.168968823071,162.132349992784
"711",168.180540949981,168.132165296897,187.805090456902,173.476931684987
"712",168.589675717793,166.755709662467,156.921409135383,174.665351463974
"713",154.054140152682,158.319101693559,178.622398785251,169.144395849946
"714",184.284830794859,184.469778837009,169.589259678371,174.336606323693
"715",161.288881815655,160.402505022169,173.867492828152,182.198708832545
"716",169.266674155663,164.375204160158,174.823196750896,181.336179361241
"717",164.283690038637,177.339060397315,169.464427306603,173.313375563923
"718",171.463482869924,171.105567334742,156.515111395038,156.976671406885
"719",182.137218413736,175.272457815553,162.329087994539,168.630202109722
"720",184.87379732509,188.312169574929,171.603560090924,173.770295982467
"721",159.440185035042,157.867652438591,189.909880686077,175.47082321638
"722",176.781720317355,169.864149134547,169.649086038549,174.157532650119
"723",177.893971520732,180.283414899792,198.322072963736,194.551628087411
"724",160.095224972344,161.370427328289,185.355254595963,180.910232178844
"725",182.113754425054,185.129636108488,176.069303543778,184.467281026432
"726",176.464467579982,169.252072831473,175.095881695342,176.436144018637
"727",176.293645337326,178.025361920264,186.360747571965,188.028710648581
"728",183.175957926988,169.212710870152,160.74098962275,155.72563441325
"729",180.851271911128,176.869298853078,166.063158427974,170.759468800036
"730",170.832284333612,174.844488156117,175.52768028762,157.130509912368
"731",163.871838420879,156.817370131256,180.023649086048,170.936006182422
"732",192.252648546585,186.719554462762,175.894328932116,177.511135595994
"733",171.024357967053,166.081931150643,161.397993373488,172.70428188594
"734",173.89890953133,172.597253643872,174.639254392661,165.372778010071
"735",170.907993559193,171.93806045754,172.35937885857,167.146884931423
"736",176.442963169055,171.454784815456,178.173726240294,178.583270785601
"737",182.547521740909,175.666494629261,177.488845744481,177.770711553745
"738",170.556264218007,171.764317026529,165.607262191261,166.648277689949
"739",176.575734172637,170.517771596904,151.917939544706,161.939483856497
"740",168.258865795509,171.385706151941,178.630397124671,161.956570878792
"741",174.484720712641,175.33625831913,179.79753333908,187.355446333349
"742",173.35206719421,173.090996563916,175.774934688209,175.534724889968
"743",155.315916755003,155.632688068421,173.825544680037,179.510345771783
"744",168.749714101998,169.474585024661,175.735970043978,171.607512961895
"745",171.316226978216,175.469331357633,180.019700164287,175.125666792969
"746",175.915946005865,177.70235527388,180.154298172274,174.582939134374
"747",179.54691937449,176.12897041155,156.562822877811,179.572014363381
"748",172.121705561742,175.482927656093,171.279267786726,172.238480059168
"749",168.120042314196,169.15095590669,159.223040331982,165.237561497892
"750",174.767400364928,170.739882557283,162.919561712864,171.993076836391
"751",181.379183558554,188.083450997319,175.543304222246,176.76775252014
"752",180.478359741713,177.114666393978,176.308900894148,169.841536899166
"753",182.653798740423,180.239651014262,174.284117607736,178.230521043089
"754",174.637573097786,175.939703318526,178.46122796386,170.009440454852
"755",174.199491288098,169.830171798743,174.195149016727,165.063778901725
"756",176.139576264387,176.524601071714,169.061318816251,164.659472510663
"757",173.274943069286,170.063066974071,177.424636842603,178.528544589062
"758",164.541768972047,170.85688133206,169.75434681965,164.876629364919
"759",169.610362171971,165.976820170867,173.938438559969,180.436097191609
"760",171.919838007467,164.720978161126,156.95709939965,169.749498801333
"761",170.896706105873,158.333994913015,178.936028665888,178.167062460735
"762",170.859145764502,165.763951472272,169.126291453683,171.035132941233
"763",181.163985761961,172.362898712756,175.674443550862,165.15416956446
"764",160.814589027816,156.285683566867,169.661649992423,170.446517770511
"765",176.557160731906,175.922363620292,164.197679924269,165.45841902345
"766",171.140977451337,166.237999378647,164.827922711577,176.867171178732
"767",160.594278620652,159.434310129314,178.76383186163,179.008803526031
"768",163.351219047051,160.497089372445,163.720248819478,177.842528314274
"769",171.643306395451,176.489174350048,175.308420804344,182.695745391485
"770",176.238632174907,171.275699443501,180.238445883521,167.985402392753
"771",163.263459997032,163.887949786468,172.211315566042,163.539314647083
"772",179.341166524358,176.856165961842,168.575413046757,183.966398464602
"773",175.29708277117,176.640329094061,175.208084682306,175.049828747982
"774",163.721140975134,160.204176834064,189.502375942589,182.873551561906
"775",163.662093266887,165.001858826166,173.142237166293,173.672333296484
"776",163.242562172106,166.218688758759,183.102315586223,168.480586020235
"777",170.838522189086,171.690548628633,195.395490704538,180.315512633937
"778",178.764641738744,172.058298047925,171.36709198247,157.769012620756
"779",181.574009416514,178.204680617571,182.397342999036,179.599232623217
"780",173.229869047851,173.618790921653,186.724643746657,184.435795955918
"781",185.749363205148,178.402864828038,173.582000232625,181.88294271489
"782",171.570166710674,176.246425036492,169.446637358859,164.240248887777
"783",170.269163635392,168.304688382325,175.480210054756,175.933325292434
"784",182.797069331375,175.455616741037,172.88978495052,181.495897814501
"785",187.983233502384,177.620527424104,159.005050864681,174.939294871608
"786",159.982453048161,157.780593045079,165.920875530262,185.254069016338
"787",180.886963544113,177.33531972628,164.742422373086,184.129896241655
"788",168.347294439576,168.60450036725,185.32047866164,179.477787942067
"789",159.786968344058,164.386692529837,176.339684724371,172.539562642824
"790",167.615807859588,163.108766901416,178.720968414959,183.510266221694
"791",168.83010142055,159.508796758389,167.521127251157,169.516159797444
"792",183.916187971251,173.102519408074,170.22669173245,179.536670450871
"793",169.163560573633,177.464403826124,175.755090373828,174.857979506212
"794",173.073055130938,173.998806779378,164.326709962959,163.228371527184
"795",169.52615444641,174.894583131156,177.021184508383,163.768674496628
"796",164.70428945358,162.813392932922,169.089351765415,174.237002870019
"797",177.636183737743,179.359061482601,186.514215351772,174.281719298295
"798",165.007707534552,172.22384737179,184.113164351176,174.418372763222
"799",161.689124865001,167.739337186629,177.901287107776,171.152811507161
"800",167.684437667579,165.164178989487,172.145351853674,172.831463438034
"801",167.428533375083,168.939072940984,165.136709951185,165.311565843107
"802",154.644535106134,156.31224498693,176.942158705707,172.083530361228
"803",176.803535891467,167.776833622644,170.002638765167,162.4356563975
"804",178.542538782547,180.294329039747,173.101080410971,169.036245531054
"805",167.360444134007,166.71204576368,170.517924607513,164.924022930763
"806",171.981476821657,188.709598317316,177.626356382573,183.857937612813
"807",182.554146377836,173.826645531064,170.973217470491,188.349374347401
"808",180.969803867674,177.45402611041,161.071745799902,179.114521660823
"809",173.421524302728,169.496684151388,177.811546216327,182.995953181738
"810",158.797299735017,170.586219206678,170.588650814647,169.405123779373
"811",183.912035229812,181.209795071294,173.493566255088,169.023060307764
"812",166.263738851082,169.234597859599,178.932810001984,177.979596355096
"813",177.20226211721,181.037200520177,168.551013108648,173.20912590205
"814",165.559518554487,175.896420672909,178.673789302089,178.741975237765
"815",152.503908200677,155.56802437645,167.325183431302,173.542551498399
"816",167.084230316864,172.544307269178,169.484839211078,167.69843409279
"817",169.099520175408,172.753715685984,167.64484012749,169.495609662368
"818",166.839871362354,163.418717743072,188.574498026322,185.33400252229
"819",168.133813875396,160.560897443397,185.186306912042,178.26371359677
"820",169.7395806438,166.939065993002,171.502448816985,162.238443735486
"821",187.286922438501,190.640063795211,167.856458593912,162.624444400121
"822",173.971480369685,171.363281888975,177.609525059291,178.60038976515
"823",169.162563779607,165.561768706065,167.534118826634,176.65282459564
"824",167.710747527998,168.661979117093,173.066985907737,174.76972547389
"825",178.077899857328,184.541902403406,171.285335703929,166.474984790099
"826",184.803279209734,177.205732672278,163.835578219288,180.696786463003
"827",179.835761347246,181.142499441387,169.370940490048,179.637361122
"828",169.414590375771,173.035206961155,175.078187629321,171.877621048524
"829",178.615536676069,179.63297782891,175.933518392424,177.442455359116
"830",163.349052450178,175.325437828554,151.73188750076,159.779703766448
"831",182.08125921389,176.828802310886,179.172936049011,167.312391089503
"832",177.466470335222,169.33626727692,166.909386073689,171.233809227099
"833",162.388154246675,165.983319070265,169.397949559728,184.657760734231
"834",184.091888479621,174.775573820479,183.229870441027,176.802828522361
"835",171.60012706137,173.08172595993,183.744125047072,177.047588961242
"836",173.609474849096,170.629994687087,160.440198364989,166.270024896601
"837",173.305762963596,173.552094664647,168.403635076005,159.930988804205
"838",167.476361912191,171.312747098723,176.841575035303,183.751792809241
"839",159.786962646284,166.67448131174,169.656458717855,179.279540667023
"840",168.920196782545,163.748127223429,172.346059429978,166.48251191399
"841",160.138132375322,153.483770961112,169.843691729874,174.956683011604
"842",160.79287369305,169.721413060588,174.737823259463,180.963520039647
"843",180.193622231101,172.334160935529,182.93310142801,171.609769288144
"844",172.922829982292,175.765846797421,175.921894304031,178.963176524204
"845",174.68684317571,181.010569030294,162.72723533513,147.018716591451
"846",166.584662834834,168.814944569947,178.456663446013,170.088094828204
"847",167.512844176535,170.582420330825,173.085705345046,183.277561033098
"848",177.47929638433,174.094096350462,181.450216838097,160.73842331572
"849",167.173272741822,170.354551634267,179.485175824074,167.628442373871
"850",172.470824980553,174.599443050918,181.490767348068,174.368201441169
"851",159.16173748873,157.689305491636,179.788088618676,186.230689242789
"852",171.845369215097,166.891625553083,180.446455667314,171.105934763092
"853",189.859858180649,178.236912367975,163.232796780858,156.578321263369
"854",162.915922047366,157.774534720259,171.54200657576,181.245290970303
"855",173.850738147256,188.64560619581,164.167804141041,150.267630680489
"856",167.187537135657,170.30462495162,166.851246813101,168.185226636493
"857",167.678175106673,160.748888458187,170.728203618649,180.960602015303
"858",150.008389700478,157.109005578026,163.759803996101,171.42557308619
"859",175.687277579791,175.079153355913,169.021898005685,161.809419738102
"860",186.513476527363,179.853449225515,160.477459531737,163.481834133253
"861",175.176239142832,181.239990385311,175.772427830139,166.044897720839
"862",181.623091850503,177.62910422421,173.372753097843,161.496362069155
"863",172.145136301456,182.284170742033,158.92715401406,175.322413565944
"864",177.692403559664,184.527789399854,179.2320770365,170.173136098871
"865",188.619952479949,188.039332618163,167.029066325563,180.734898969737
"866",176.666520170512,179.080695280287,188.196773029077,165.742972779911
"867",170.160947418518,168.528164764723,165.723034916679,164.415322546869
"868",168.564566017359,167.438937501511,162.849922732781,171.543598455398
"869",166.779200137512,162.233785624969,159.741542814127,165.003645049502
"870",172.553321689301,178.564774173463,183.069248367478,176.205875947999
"871",160.886225326325,164.052245961085,166.236238785811,169.922357236003
"872",152.05962182653,146.103924745933,161.919316150238,166.456558886864
"873",177.39875073225,166.322512143014,164.507203147863,165.962675841478
"874",179.218050527045,172.408365988511,175.759904071437,177.432590705743
"875",157.066611624614,148.892490483015,181.983846898285,176.497979421152
"876",169.065574453919,168.00295775188,182.31143998386,159.129104009236
"877",158.000447046013,163.157420270394,170.855403580446,170.132588979587
"878",171.220188948772,169.105961041333,185.778387751237,178.010426357143
"879",162.169315840062,157.05642150414,163.384537897995,170.037072275026
"880",179.037849282706,177.916937093989,170.993817612651,175.206294828665
"881",172.619723713158,174.140055937868,164.954093235182,162.869490465867
"882",166.075847717901,167.867966838827,171.776734699604,177.100757834898
"883",166.437518558925,166.220990973349,165.962636249065,170.748511880864
"884",174.810554752357,165.970201681442,159.807271415053,165.842720074154
"885",169.596450965616,165.472724555543,168.359783055181,178.609552684111
"886",167.633452836148,162.830727769618,180.914116089025,172.963454970218
"887",169.770686129945,172.17604646209,176.308166133444,189.004092554051
"888",177.430851410919,180.539108575782,162.563143108402,178.659672038802
"889",168.564448472297,174.857542358966,169.21236055161,169.396872240849
"890",179.597768790654,174.84474670347,168.87679583996,172.047890989416
"891",175.686732376357,167.39016466571,179.710328909785,174.957624261656
"892",154.797421531153,163.792174588808,167.719254689499,163.617499989103
"893",168.316006328066,165.092559783019,178.543288588086,173.385547268252
"894",167.280147789576,169.327511164199,180.907403712836,174.820743872544
"895",180.922485917706,170.884706004857,163.616426140321,176.758055830873
"896",173.313218830088,180.852505998168,177.698896605919,172.652072496861
"897",178.707663587158,177.837365149622,145.796625803779,158.469217152312
"898",179.661467152976,180.447175867129,173.778493020059,174.98104341865
"899",178.208182255522,171.364957033432,166.974088687412,180.181565617486
"900",178.991135603954,175.985940722968,168.199462273098,161.994339746057
"901",181.187787149841,177.718134614348,168.375594697693,163.594285138218
"902",169.999476175463,171.06127263446,172.992676827556,179.698477772371
"903",176.920878393423,178.319318674507,183.530757267288,167.394370973319
"904",184.341222685902,178.517128055886,171.457937804762,179.220403082989
"905",167.152841948492,170.793190262792,174.399895421707,177.357494260784
"906",173.616508159005,174.709210026637,173.253134976545,163.972602600725
"907",164.694869463374,166.953471597516,184.198236648979,177.929218764113
"908",173.179690473567,174.780742015948,166.649791622822,159.820803396426
"909",168.777703476509,172.753213357028,172.906216417757,178.381421080071
"910",169.610683188002,174.45133649047,177.065119362147,182.215291023545
"911",163.914761558305,166.364215769859,185.6970611508,183.675312330177
"912",190.171179130797,186.722696108853,174.537128320286,168.534472549113
"913",181.593256065238,177.497096928021,171.840715503689,175.039674918297
"914",162.69385652236,167.788666593027,178.618117147102,177.270060992595
"915",175.231125394325,172.176437999627,168.068934036195,170.860110200348
"916",200.858859198003,192.052037541755,177.143316250724,161.361429259033
"917",176.635974438744,171.668884101592,159.968028284408,145.311895398228
"918",176.091982264949,172.741919326956,159.705392184832,166.58559835794
"919",156.845139912967,159.932281908416,170.313778294699,174.737172905878
"920",167.683962102508,170.948576167071,171.067903609483,174.810702414053
"921",166.708236700312,162.785630672257,190.533543330442,179.694547928188
"922",180.981179753782,180.150547978994,179.374420271202,175.878379518697
"923",160.425424161602,155.977820249967,163.76258589278,160.949088696934
"924",175.526150439302,184.123044653021,169.849486595689,171.434381573633
"925",169.459943417276,168.126166383387,175.717042833487,167.458188097064
"926",174.846413911652,178.09636552479,176.426466856179,166.604549037897
"927",172.670277199842,168.451520526747,166.508325787388,162.982499955871
"928",160.657880998611,158.013305628336,164.215662998277,169.329128839626
"929",169.18522244513,167.250182626037,158.947464068415,172.631612625981
"930",172.842363848345,169.606940351478,170.22552822475,185.319034393838
"931",178.422869744038,186.228854247017,176.94833453767,177.656530424598
"932",166.427750132041,175.449160175821,177.571247380234,172.916740975354
"933",158.625914949676,159.855185716878,166.270364425018,169.654931902634
"934",173.590940086905,167.860147421809,173.221471040327,165.029513827482
"935",166.008873203489,172.072851372879,166.027784613995,169.966134987445
"936",166.169986188513,160.768754772729,187.000722755351,173.768165205721
"937",173.96374102377,175.28823765348,182.987766473807,173.894437514572
"938",177.624323648054,176.014281009372,170.439200192274,174.410882248224
"939",171.249465782594,171.169106099215,178.520506658659,178.969901270959
"940",180.15173894433,179.212707712052,161.040710753136,166.884910726339
"941",155.645402542452,161.774610871275,167.978554602309,171.375007235042
"942",170.628777448292,169.632356066293,167.625979706398,165.609666199279
"943",177.345475349048,182.337962200174,170.908414876112,154.295445737447
"944",163.054011099166,164.274185580717,180.456340836983,180.136415853362
"945",167.459660554045,170.387789976328,151.108524319393,166.54304855776
"946",163.003509798093,164.961890485915,172.12749837996,174.480055609912
"947",186.631352297647,183.802536957789,166.442208583137,177.457816745856
"948",175.363910090833,168.992527823431,157.658773635523,171.305017992973
"949",180.510869992154,172.796337112078,167.944837627956,165.372777964733
"950",186.413957999735,191.328601145011,167.340718991036,161.514777173176
"951",176.65564113553,172.666015468523,186.122386369354,166.370587172582
"952",186.455193370361,177.652512079228,172.18480268999,177.249568890157
"953",173.933713289114,179.215695307767,166.168687063537,167.383169933112
"954",179.576985555553,180.510778518958,183.643976712117,171.579630401604
"955",170.085265437904,171.493830254078,176.329199006794,177.193177568157
"956",176.430248911139,181.202786393551,174.871386317953,187.292668851478
"957",185.729201196507,182.542673469398,168.406574387913,167.363152937738
"958",183.958273041363,180.078203443823,170.096023515126,159.599924627792
"959",173.789311650195,173.532957079527,177.353593686174,164.330506450405
"960",174.061521759495,176.200773614812,171.567344095373,171.56543161703
"961",164.787254369982,168.356199789772,181.52330657194,177.250884894579
"962",167.934511076887,168.886602686412,164.193471809444,167.318108694156
"963",159.735307216191,171.557623635149,157.480077226552,165.952205017705
"964",158.419740918948,158.534501791237,175.331678096,187.215299363899
"965",173.381026930527,166.435802309032,173.810824934583,190.596466005844
"966",175.757402516087,172.913882824243,170.919193324579,177.177869237439
"967",174.737412375235,168.226475148695,176.093639781676,177.174333146891
"968",174.057479251995,172.744349896081,175.559432228268,184.212946369099
"969",172.106099685947,169.811742825086,165.023143816426,167.049238906399
"970",169.820921353411,178.907926365687,173.718239405069,170.643801817688
"971",170.727497519337,171.763013638327,158.16914714992,164.565753093621
"972",169.387130488682,165.083841010533,167.566196222576,172.765057906472
"973",168.73085736005,167.694379435081,175.395633660789,176.176021659119
"974",163.390131683754,165.039327007111,173.297203904433,167.916380645715
"975",187.519031347763,178.409776299138,166.937194236054,173.113129780634
"976",167.939988951339,166.213155466701,174.162247597566,164.996352212845
"977",186.185047631329,188.522247533324,160.78251642083,164.910836635137
"978",174.234125942892,166.208541830155,172.03328244187,181.25510421084
"979",154.246858819002,157.459500023854,179.349316294845,166.700325070608
"980",167.278932936925,171.746504548518,180.255179091094,183.035858416187
"981",192.085826363172,191.904048743393,171.568926242342,173.831458692719
"982",177.521692162672,179.262583650754,163.571054614614,160.866350825883
"983",161.198474722491,156.987059072737,167.061782008639,177.949175310894
"984",167.307942765418,164.773376211773,189.31639951615,169.328389850865
"985",172.187687782766,167.194033929994,168.066791307248,161.057826037237
"986",166.636510687189,159.27872514809,166.297959036598,168.700594750935
"987",167.741272890769,160.646368130546,185.477875651756,187.186027570378
"988",171.065008794327,166.090191856033,184.748838992329,163.229111923024
"989",155.087109969855,160.618986616858,174.250964311406,166.816151515862
"990",173.084827264851,168.441076825744,168.794861566297,171.137205599865
"991",168.101971069253,169.504804364799,165.812462975707,170.430419054499
"992",170.872742220889,171.808510010414,175.205150246732,179.099187869768
"993",166.701339869437,173.321720422961,165.623445033802,173.774625165402
"994",176.96595534329,180.709958605025,166.465798488697,175.124819397719
"995",168.569588865495,163.767256319685,173.770488831397,182.566147752473
"996",167.418249235865,171.327756517324,180.543596041312,164.300296293117
"997",178.789291622878,178.428491078932,183.719283693056,182.073224242294
"998",170.841108206151,170.828740537047,171.672399207166,170.252366615144
"999",182.746861791553,182.733492148906,164.454029856346,162.230080763511
"1000",174.39289680259,183.328406940871,156.563882982156,163.329677704299
